page_num,revision,table_sno,manufacturer_clean,location_clean,enlisted_capacity_clean,technology,validity_from,validity_to,block_text_sample,enlistment_key,rev_rank
17,Original List,1,EMMVEE ENERGY PRIVATE LIMITED,"Nelamangala, Bangalore, Karnataka",1553.0,TOPCon,31.07.2025,30.07.2029,"1 M/s Emmvee Sy No. 66-70/3, 1553 Bifacial N-Type EM16D1-TCM10 24.62% [20.0% - 26.0%] 31.07.2025 30.07.2029 Energy Pvt. ","EMMVEE ENERGY PRIVATE LIMITED @ Nelamangala, Bangalore, Karnataka @ TOPCon",0
9,Revision-4,1,EVERVOLT SOLAR TECHNOLOGY INDIA PRIVATE LIMITED,"Sricity, Tirupati, Andhra Pradesh",1074.0,Mono PERC,05.02.2026,04.02.2030,"1 M/s Evervolt No. 250, Thespia Drive, 1074 Bifacial Mono-c-Si EVT-M10-BR-PERC 23.10% 22% to 23.50 % 05.02.2026 04.02.20","EVERVOLT SOLAR TECHNOLOGY INDIA PRIVATE LIMITED @ Sricity, Tirupati, Andhra Pradesh @ Mono PERC",4
9,Revision-4,4,FS INDIA SOLAR VENTURES PRIVATE LIMITED,"Pillaipakkam, Tamil Nadu",3433.0,Deemed Eligible (First Solar Thin-Film),31.07.2025,28.04.2028,"4 M/s. FS India Plot No. A-1/1, Sipcot 3433* Is enlisted in ALMM List-I for solar PV modules and is deemed to be eligibl","FS INDIA SOLAR VENTURES PRIVATE LIMITED @ Pillaipakkam, Tamil Nadu @ Deemed Eligible (First Solar Thin-Film)",4
7,Revision - 5,1,FUJIYAMA POWER SYSTEMS LIMITED,"Gautam Buddha Nagar, Uttar Pradesh",437.0,Mono PERC,13.02.2026,12.02.2030,"1 M/s Fujiyama KH-345/1, 345/2, 437 Bifacial Mono-c-Si UT-182M 23.41% 22.60% to 23.60% 13.02.2026 12.02.2030 Power Syste","FUJIYAMA POWER SYSTEMS LIMITED @ Gautam Buddha Nagar, Uttar Pradesh @ Mono PERC",5
19,Original List,7,JUPITER INTERNATIONAL LIMITED (UNIT 1),"Baddi, Solan, Himachal Pradesh",339.0,Mono PERC,31.07.2025,30.07.2029,"7 M/s. Jupiter Village Katha , PO & 339 Mono PERC 23.10% [20.0 % to 23.80 %] 31.07.2025 30.07.2029 International Tehsil ","JUPITER INTERNATIONAL LIMITED (UNIT 1) @ Baddi, Solan, Himachal Pradesh @ Mono PERC",0
19,Original List,8,JUPITER INTERNATIONAL LIMITED (UNIT 2),"Baddi, Solan, Himachal Pradesh",440.0,Mono PERC,31.07.2025,30.07.2029,"8 M/s. Jupiter Village Katha , PO & 440 Mono PERC 23.10% [20.0 % to 23.80 %] 31.07.2025 30.07.2029 International Tehsil ","JUPITER INTERNATIONAL LIMITED (UNIT 2) @ Baddi, Solan, Himachal Pradesh @ Mono PERC",0
5,Revision- 6,2,JUPITER SOLARTECH PRIVATE LIMITED,"Baddi, Solan, Himachal Pradesh",991.0,Mono PERC,13.04.2026,12.04.2030,"2 M/s. Jupiter Solartech Floor No. Unit III, Village 991 Mono PERC Bifacial Solar 182.2x183.75 23.70% 20.00 % to23.80 % ","JUPITER SOLARTECH PRIVATE LIMITED @ Baddi, Solan, Himachal Pradesh @ Mono PERC",6
18,Original List,4,MUNDRA SOLAR ENERGY LIMITED,"Mundra, Kutch, Gujarat",1939.0,Mono PERC,31.07.2025,30.07.2029,"4 M/s. Mundra Survey No. 180 P, 1939 Bifacial Mono c-Si 23.43% [22.6% to 23.5 %] 3 1 . 0 7 . 2 0 2 5 3 0 . 0 7 . 2 0 2 9","MUNDRA SOLAR ENERGY LIMITED @ Mundra, Kutch, Gujarat @ Mono PERC",0
9,Revision-4,2,MUNDRA SOLAR PV LIMITED,"Mundra, Kutch, Gujarat",2298.0,TOPCon,31.07.2025,30.07.2029,"2 M/s Mundra Solar Survey No 180 P, Co Mundra 2298* Bifacial N Type TPRB16 25.35% 24.5 % to 25.7 % 31.07.2025 30.07.2029","MUNDRA SOLAR PV LIMITED @ Mundra, Kutch, Gujarat @ TOPCon",4
17,Original List,3,PREMIER ENERGIES INTERNATIONAL PRIVATE LIMITED,"Maheshwaram (M), Ranga Reddy, Telangana",1174.0,Mono PERC,31.07.2025,30.07.2029,"3 M/s Premier Plot No. 8/B/1 & 2, 1174 Bifacial Mono c-Si 23.24% [20.97% to 25.63 %] 31.07.2025 30.07.2029 Energies Surv","PREMIER ENERGIES INTERNATIONAL PRIVATE LIMITED @ Maheshwaram (M), Ranga Reddy, Telangana @ Mono PERC",0
17,Original List,2,PREMIER ENERGIES PHOTOVOLTAIC PRIVATE LIMITED,"Maheshwaram (M), Ranga Reddy, Telangana",751.0,Mono PERC,31.07.2025,30.07.2029,"2 M/s Premier Plot No. 8/B/1 & 2, 751 Bifacial Mono c-Si PEPPL_PIRANHA_PT 23.24% [20.97% to 25.63 %] 31.07.2025 30.07.20","PREMIER ENERGIES PHOTOVOLTAIC PRIVATE LIMITED @ Maheshwaram (M), Ranga Reddy, Telangana @ Mono PERC",0
9,Revision-4,3,PREMIER ENERGIES PHOTOVOLTAIC PRIVATE LIMITED,"Maheshwaram (M), Ranga Reddy, Telangana",1358.0,TOPCon,31.07.2025,30.07.2029,"3 M/s Premier Plot No. 8/B/1 & 2, Survey 1358** Bifacial N-Type PE_BLUE SHARK_N 25.37% 24 % to 26 % 31.07.2025 30.07.202","PREMIER ENERGIES PHOTOVOLTAIC PRIVATE LIMITED @ Maheshwaram (M), Ranga Reddy, Telangana @ TOPCon",4
5,Revision- 6,1,RELIANCE INDUSTRIES LIMITED,"Jamnagar, Gujarat",1238.0,HJT,13.04.2026,12.04.2030,"1 M/s. Reliance New Energy Complex AT 1238 HJT Solar Cell, HJNxx 25.40% 23.80 % to 25.60 % 13.04.2026 12.04.2030 Industr","RELIANCE INDUSTRIES LIMITED @ Jamnagar, Gujarat @ HJT",6
18,Original List,6,RENEW PHOTOVOLTAICS PRIVATE LIMITED,"Dholera SIR, Ahmedabad, Gujarat",1766.0,Mono PERC,31.07.2025,30.07.2029,"6 M/s ReNew FP. No. 232(Part), 1766 Bifacial Mono c-Si 23.35% [22.4% to 23.8%] 31.07.2025 30.07.2029 Photovoltaics Surve","RENEW PHOTOVOLTAICS PRIVATE LIMITED @ Dholera SIR, Ahmedabad, Gujarat @ Mono PERC",0
3,Revision- 7,1,RENEWSYS INDIA PRIVATE LIMITED,"Srinagar (V), Fabcity, Maheswaram (M), Ranga Reddy, Telangana",452.0,TOPCon,30.04.2026,29.04.2030,"1 M/s. Renewsys Sy. No. 114/P, Srinagar (V), 452 Bifacial N-Type RESERV 71P 24.60% 24.00 % to 25.60 % 30.04.2026 29.04.2","RENEWSYS INDIA PRIVATE LIMITED @ Srinagar (V), Fabcity, Maheswaram (M), Ranga Reddy, Telangana @ TOPCon",7
15,Revision-1,2,TATA POWER RENEWABLE ENERGY LIMITED,"Electronic City, Bangalore, Karnataka",280.0,Mono PERC,23.09.2025,22.09.2029,"2 M/s Tata Power Sy No. 43P and 44(P), 280 Bifacial Mono c-Si PERC TPSM10MPE10B 22.89% [20% to 23.5 %] 23.09.2025 22.09.","TATA POWER RENEWABLE ENERGY LIMITED @ Electronic City, Bangalore, Karnataka @ Mono PERC",1
15,Revision-1,1,TP SOLAR LIMITED,"Gangaikondan, Tirunelveli, Tamil Nadu",4480.0,Mono PERC,23.09.2025,22.09.2029,"1 M/s. TP Solar Ltd. Plot No. A109, Near Elcot 4480 Mono Crystalline PERC TPSLM10PM10B 23.25% 22.00 % to 23.70 % 23.09.2","TP SOLAR LIMITED @ Gangaikondan, Tirunelveli, Tamil Nadu @ Mono PERC",1
15,Revision-1,Secondary,TP SOLAR LIMITED,"Gangaikondan, Tirunelveli, Tamil Nadu",53.0,TOPCon,,,"53 Mono Crystalline 182.2-247-10BB-160F- 23.30% 22.50 % to 25.50 % TOPCon Bifacial Solar TOPCon cell, (182.2 mm × 182.2 ","TP SOLAR LIMITED @ Gangaikondan, Tirunelveli, Tamil Nadu @ TOPCon",1
11,Revision-3,1,WAAREE ENERGIES LIMITED,"Degam, Chikhli, Navsari, Gujarat",1328.0,Mono PERC,15.12.2025,14.12.2029,1 M/s Waaree Sr. No. 1328 Mono Crystalline PERC(P- WSC-P-M10-10BB 23.55% 22.20 % to 23.50 % 15.12.2025 14.12.2029 Energi,"WAAREE ENERGIES LIMITED @ Degam, Chikhli, Navsari, Gujarat @ Mono PERC",3
11,Revision-3,Secondary,WAAREE ENERGIES LIMITED,"Degam, Chikhli, Navsari, Gujarat",3923.0,TOPCon,,,3923 Mono Crystalline TOPCon WSC-N-M10R-16BB 25.54% 24.40% to 25.50 % (N- Type) Bifacial Solar Cell Mono TOPCon Solar Ce,"WAAREE ENERGIES LIMITED @ Degam, Chikhli, Navsari, Gujarat @ TOPCon",3
5,Revision- 6,3,WEBSOL ENERGY SYSTEM LIMITED,"Falta, West Bengal",1202.0,Mono PERC,24.11.2025,23.11.2029,"3 M/s Websol Energy Sector - II, Falta Special 1202 Mono Crystalline PERC WS182MP10 2 3 . 5 5 % 1 9 . 0 0 % t o23.60 % 2","WEBSOL ENERGY SYSTEM LIMITED @ Falta, West Bengal @ Mono PERC",6
